/Users/abbyblancett/wpilib/2020/2020team5607/filmingDay1Images/img/DSC02139.jpg /Users/abbyblancett/wpilib/2020/2020team5607/filmingDay1Images/ann/DSC02139.jpg.json |other stuff|
/Users/abbyblancett/wpilib/2020/2020team5607/filmingDay1Images/img/DSC02138.jpg /Users/abbyblancett/wpilib/2020/2020team5607/filmingDay1Images/ann/DSC02138.jpg.json |other stuff|
/Users/abbyblancett/wpilib/2020/2020team5607/filmingDay1Images/img/DSC02128.jpg /Users/abbyblancett/wpilib/2020/2020team5607/filmingDay1Images/ann/DSC02128.jpg.json |other stuff|
/Users/abbyblancett/wpilib/2020/2020team5607/filmingDay1Images/img/DSC02129.jpg /Users/abbyblancett/wpilib/2020/2020team5607/filmingDay1Images/ann/DSC02129.jpg.json |other stuff|
/Users/abbyblancett/wpilib/2020/2020team5607/filmingDay1Images/img/DSC02159.jpg /Users/abbyblancett/wpilib/2020/2020team5607/filmingDay1Images/ann/DSC02159.jpg.json |other stuff|
/Users/abbyblancett/wpilib/2020/2020team5607/filmingDay1Images/img/DSC02165.jpg /Users/abbyblancett/wpilib/2020/2020team5607/filmingDay1Images/ann/DSC02165.jpg.json |other stuff|
/Users/abbyblancett/wpilib/2020/2020team5607/filmingDay1Images/img/DSC02170.jpg /Users/abbyblancett/wpilib/2020/2020team5607/filmingDay1Images/ann/DSC02170.jpg.json |other stuff|
/Users/abbyblancett/wpilib/2020/2020team5607/filmingDay1Images/img/DSC02164.jpg /Users/abbyblancett/wpilib/2020/2020team5607/filmingDay1Images/ann/DSC02164.jpg.json |other stuff|
/Users/abbyblancett/wpilib/2020/2020team5607/filmingDay1Images/img/DSC02158.jpg /Users/abbyblancett/wpilib/2020/2020team5607/filmingDay1Images/ann/DSC02158.jpg.json |other stuff|
/Users/abbyblancett/wpilib/2020/2020team5607/filmingDay1Images/img/DSC02206.jpg /Users/abbyblancett/wpilib/2020/2020team5607/filmingDay1Images/ann/DSC02206.jpg.json |other stuff|
/Users/abbyblancett/wpilib/2020/2020team5607/filmingDay1Images/img/DSC02204.jpg /Users/abbyblancett/wpilib/2020/2020team5607/filmingDay1Images/ann/DSC02204.jpg.json |other stuff|
/Users/abbyblancett/wpilib/2020/2020team5607/filmingDay1Images/img/DSC02172.jpg /Users/abbyblancett/wpilib/2020/2020team5607/filmingDay1Images/ann/DSC02172.jpg.json |other stuff|
/Users/abbyblancett/wpilib/2020/2020team5607/filmingDay1Images/img/DSC02166.jpg /Users/abbyblancett/wpilib/2020/2020team5607/filmingDay1Images/ann/DSC02166.jpg.json |other stuff|
/Users/abbyblancett/wpilib/2020/2020team5607/filmingDay1Images/img/DSC02199.jpg /Users/abbyblancett/wpilib/2020/2020team5607/filmingDay1Images/ann/DSC02199.jpg.json |other stuff|
/Users/abbyblancett/wpilib/2020/2020team5607/filmingDay1Images/img/DSC02198.jpg /Users/abbyblancett/wpilib/2020/2020team5607/filmingDay1Images/ann/DSC02198.jpg.json |other stuff|
/Users/abbyblancett/wpilib/2020/2020team5607/filmingDay1Images/img/DSC02167.jpg /Users/abbyblancett/wpilib/2020/2020team5607/filmingDay1Images/ann/DSC02167.jpg.json |other stuff|
/Users/abbyblancett/wpilib/2020/2020team5607/filmingDay1Images/img/DSC02173.jpg /Users/abbyblancett/wpilib/2020/2020team5607/filmingDay1Images/ann/DSC02173.jpg.json |other stuff|
/Users/abbyblancett/wpilib/2020/2020team5607/filmingDay1Images/img/DSC02205.jpg /Users/abbyblancett/wpilib/2020/2020team5607/filmingDay1Images/ann/DSC02205.jpg.json |other stuff|
/Users/abbyblancett/wpilib/2020/2020team5607/filmingDay1Images/img/DSC02201.jpg /Users/abbyblancett/wpilib/2020/2020team5607/filmingDay1Images/ann/DSC02201.jpg.json |other stuff|
/Users/abbyblancett/wpilib/2020/2020team5607/filmingDay1Images/img/DSC02177.jpg /Users/abbyblancett/wpilib/2020/2020team5607/filmingDay1Images/ann/DSC02177.jpg.json |other stuff|
/Users/abbyblancett/wpilib/2020/2020team5607/filmingDay1Images/img/DSC02163.jpg /Users/abbyblancett/wpilib/2020/2020team5607/filmingDay1Images/ann/DSC02163.jpg.json |other stuff|
/Users/abbyblancett/wpilib/2020/2020team5607/filmingDay1Images/img/DSC02188.jpg /Users/abbyblancett/wpilib/2020/2020team5607/filmingDay1Images/ann/DSC02188.jpg.json |other stuff|
/Users/abbyblancett/wpilib/2020/2020team5607/filmingDay1Images/img/DSC02189.jpg /Users/abbyblancett/wpilib/2020/2020team5607/filmingDay1Images/ann/DSC02189.jpg.json |other stuff|
/Users/abbyblancett/wpilib/2020/2020team5607/filmingDay1Images/img/DSC02162.jpg /Users/abbyblancett/wpilib/2020/2020team5607/filmingDay1Images/ann/DSC02162.jpg.json |other stuff|
/Users/abbyblancett/wpilib/2020/2020team5607/filmingDay1Images/img/DSC02176.jpg /Users/abbyblancett/wpilib/2020/2020team5607/filmingDay1Images/ann/DSC02176.jpg.json |other stuff|
/Users/abbyblancett/wpilib/2020/2020team5607/filmingDay1Images/img/DSC02200.jpg /Users/abbyblancett/wpilib/2020/2020team5607/filmingDay1Images/ann/DSC02200.jpg.json |other stuff|
/Users/abbyblancett/wpilib/2020/2020team5607/filmingDay1Images/img/DSC02202.jpg /Users/abbyblancett/wpilib/2020/2020team5607/filmingDay1Images/ann/DSC02202.jpg.json |other stuff|
/Users/abbyblancett/wpilib/2020/2020team5607/filmingDay1Images/img/DSC02160.jpg /Users/abbyblancett/wpilib/2020/2020team5607/filmingDay1Images/ann/DSC02160.jpg.json |other stuff|
/Users/abbyblancett/wpilib/2020/2020team5607/filmingDay1Images/img/DSC02174.jpg /Users/abbyblancett/wpilib/2020/2020team5607/filmingDay1Images/ann/DSC02174.jpg.json |other stuff|
/Users/abbyblancett/wpilib/2020/2020team5607/filmingDay1Images/img/DSC02148.jpg /Users/abbyblancett/wpilib/2020/2020team5607/filmingDay1Images/ann/DSC02148.jpg.json |other stuff|
/Users/abbyblancett/wpilib/2020/2020team5607/filmingDay1Images/img/DSC02149.jpg /Users/abbyblancett/wpilib/2020/2020team5607/filmingDay1Images/ann/DSC02149.jpg.json |other stuff|
/Users/abbyblancett/wpilib/2020/2020team5607/filmingDay1Images/img/DSC02175.jpg /Users/abbyblancett/wpilib/2020/2020team5607/filmingDay1Images/ann/DSC02175.jpg.json |other stuff|
/Users/abbyblancett/wpilib/2020/2020team5607/filmingDay1Images/img/DSC02161.jpg /Users/abbyblancett/wpilib/2020/2020team5607/filmingDay1Images/ann/DSC02161.jpg.json |other stuff|
/Users/abbyblancett/wpilib/2020/2020team5607/filmingDay1Images/img/DSC02203.jpg /Users/abbyblancett/wpilib/2020/2020team5607/filmingDay1Images/ann/DSC02203.jpg.json |other stuff|
/Users/abbyblancett/wpilib/2020/2020team5607/filmingDay1Images/img/DSC02178.jpg /Users/abbyblancett/wpilib/2020/2020team5607/filmingDay1Images/ann/DSC02178.jpg.json |other stuff|
/Users/abbyblancett/wpilib/2020/2020team5607/filmingDay1Images/img/DSC02144.jpg /Users/abbyblancett/wpilib/2020/2020team5607/filmingDay1Images/ann/DSC02144.jpg.json |other stuff|
/Users/abbyblancett/wpilib/2020/2020team5607/filmingDay1Images/img/DSC02150.jpg /Users/abbyblancett/wpilib/2020/2020team5607/filmingDay1Images/ann/DSC02150.jpg.json |other stuff|
/Users/abbyblancett/wpilib/2020/2020team5607/filmingDay1Images/img/DSC02187.jpg /Users/abbyblancett/wpilib/2020/2020team5607/filmingDay1Images/ann/DSC02187.jpg.json |other stuff|
/Users/abbyblancett/wpilib/2020/2020team5607/filmingDay1Images/img/DSC02193.jpg /Users/abbyblancett/wpilib/2020/2020team5607/filmingDay1Images/ann/DSC02193.jpg.json |other stuff|
/Users/abbyblancett/wpilib/2020/2020team5607/filmingDay1Images/img/DSC02192.jpg /Users/abbyblancett/wpilib/2020/2020team5607/filmingDay1Images/ann/DSC02192.jpg.json |other stuff|
/Users/abbyblancett/wpilib/2020/2020team5607/filmingDay1Images/img/DSC02186.jpg /Users/abbyblancett/wpilib/2020/2020team5607/filmingDay1Images/ann/DSC02186.jpg.json |other stuff|
/Users/abbyblancett/wpilib/2020/2020team5607/filmingDay1Images/img/DSC02151.jpg /Users/abbyblancett/wpilib/2020/2020team5607/filmingDay1Images/ann/DSC02151.jpg.json |other stuff|
/Users/abbyblancett/wpilib/2020/2020team5607/filmingDay1Images/img/DSC02145.jpg /Users/abbyblancett/wpilib/2020/2020team5607/filmingDay1Images/ann/DSC02145.jpg.json |other stuff|
/Users/abbyblancett/wpilib/2020/2020team5607/filmingDay1Images/img/DSC02179.jpg /Users/abbyblancett/wpilib/2020/2020team5607/filmingDay1Images/ann/DSC02179.jpg.json |other stuff|
/Users/abbyblancett/wpilib/2020/2020team5607/filmingDay1Images/img/DSC02153.jpg /Users/abbyblancett/wpilib/2020/2020team5607/filmingDay1Images/ann/DSC02153.jpg.json |other stuff|
/Users/abbyblancett/wpilib/2020/2020team5607/filmingDay1Images/img/DSC02147.jpg /Users/abbyblancett/wpilib/2020/2020team5607/filmingDay1Images/ann/DSC02147.jpg.json |other stuff|
/Users/abbyblancett/wpilib/2020/2020team5607/filmingDay1Images/img/DSC02190.jpg /Users/abbyblancett/wpilib/2020/2020team5607/filmingDay1Images/ann/DSC02190.jpg.json |other stuff|
/Users/abbyblancett/wpilib/2020/2020team5607/filmingDay1Images/img/DSC02184.jpg /Users/abbyblancett/wpilib/2020/2020team5607/filmingDay1Images/ann/DSC02184.jpg.json |other stuff|
/Users/abbyblancett/wpilib/2020/2020team5607/filmingDay1Images/img/DSC02185.jpg /Users/abbyblancett/wpilib/2020/2020team5607/filmingDay1Images/ann/DSC02185.jpg.json |other stuff|
/Users/abbyblancett/wpilib/2020/2020team5607/filmingDay1Images/img/DSC02191.jpg /Users/abbyblancett/wpilib/2020/2020team5607/filmingDay1Images/ann/DSC02191.jpg.json |other stuff|
/Users/abbyblancett/wpilib/2020/2020team5607/filmingDay1Images/img/DSC02146.jpg /Users/abbyblancett/wpilib/2020/2020team5607/filmingDay1Images/ann/DSC02146.jpg.json |other stuff|
/Users/abbyblancett/wpilib/2020/2020team5607/filmingDay1Images/img/DSC02152.jpg /Users/abbyblancett/wpilib/2020/2020team5607/filmingDay1Images/ann/DSC02152.jpg.json |other stuff|
/Users/abbyblancett/wpilib/2020/2020team5607/filmingDay1Images/img/DSC02156.jpg /Users/abbyblancett/wpilib/2020/2020team5607/filmingDay1Images/ann/DSC02156.jpg.json |other stuff|
/Users/abbyblancett/wpilib/2020/2020team5607/filmingDay1Images/img/DSC02142.jpg /Users/abbyblancett/wpilib/2020/2020team5607/filmingDay1Images/ann/DSC02142.jpg.json |other stuff|
/Users/abbyblancett/wpilib/2020/2020team5607/filmingDay1Images/img/DSC02195.jpg /Users/abbyblancett/wpilib/2020/2020team5607/filmingDay1Images/ann/DSC02195.jpg.json |other stuff|
/Users/abbyblancett/wpilib/2020/2020team5607/filmingDay1Images/img/DSC02181.jpg /Users/abbyblancett/wpilib/2020/2020team5607/filmingDay1Images/ann/DSC02181.jpg.json |other stuff|
/Users/abbyblancett/wpilib/2020/2020team5607/filmingDay1Images/img/DSC02180.jpg /Users/abbyblancett/wpilib/2020/2020team5607/filmingDay1Images/ann/DSC02180.jpg.json |other stuff|
/Users/abbyblancett/wpilib/2020/2020team5607/filmingDay1Images/img/DSC02194.jpg /Users/abbyblancett/wpilib/2020/2020team5607/filmingDay1Images/ann/DSC02194.jpg.json |other stuff|
/Users/abbyblancett/wpilib/2020/2020team5607/filmingDay1Images/img/DSC02143.jpg /Users/abbyblancett/wpilib/2020/2020team5607/filmingDay1Images/ann/DSC02143.jpg.json |other stuff|
/Users/abbyblancett/wpilib/2020/2020team5607/filmingDay1Images/img/DSC02157.jpg /Users/abbyblancett/wpilib/2020/2020team5607/filmingDay1Images/ann/DSC02157.jpg.json |other stuff|
/Users/abbyblancett/wpilib/2020/2020team5607/filmingDay1Images/img/DSC02141.jpg /Users/abbyblancett/wpilib/2020/2020team5607/filmingDay1Images/ann/DSC02141.jpg.json |other stuff|
/Users/abbyblancett/wpilib/2020/2020team5607/filmingDay1Images/img/DSC02155.jpg /Users/abbyblancett/wpilib/2020/2020team5607/filmingDay1Images/ann/DSC02155.jpg.json |other stuff|
/Users/abbyblancett/wpilib/2020/2020team5607/filmingDay1Images/img/DSC02169.jpg /Users/abbyblancett/wpilib/2020/2020team5607/filmingDay1Images/ann/DSC02169.jpg.json |other stuff|
/Users/abbyblancett/wpilib/2020/2020team5607/filmingDay1Images/img/DSC02182.jpg /Users/abbyblancett/wpilib/2020/2020team5607/filmingDay1Images/ann/DSC02182.jpg.json |other stuff|
/Users/abbyblancett/wpilib/2020/2020team5607/filmingDay1Images/img/DSC02196.jpg /Users/abbyblancett/wpilib/2020/2020team5607/filmingDay1Images/ann/DSC02196.jpg.json |other stuff|
/Users/abbyblancett/wpilib/2020/2020team5607/filmingDay1Images/img/DSC02197.jpg /Users/abbyblancett/wpilib/2020/2020team5607/filmingDay1Images/ann/DSC02197.jpg.json |other stuff|
/Users/abbyblancett/wpilib/2020/2020team5607/filmingDay1Images/img/DSC02183.jpg /Users/abbyblancett/wpilib/2020/2020team5607/filmingDay1Images/ann/DSC02183.jpg.json |other stuff|
/Users/abbyblancett/wpilib/2020/2020team5607/filmingDay1Images/img/DSC02168.jpg /Users/abbyblancett/wpilib/2020/2020team5607/filmingDay1Images/ann/DSC02168.jpg.json |other stuff|
/Users/abbyblancett/wpilib/2020/2020team5607/filmingDay1Images/img/DSC02154.jpg /Users/abbyblancett/wpilib/2020/2020team5607/filmingDay1Images/ann/DSC02154.jpg.json |other stuff|
/Users/abbyblancett/wpilib/2020/2020team5607/filmingDay1Images/img/DSC02140.jpg /Users/abbyblancett/wpilib/2020/2020team5607/filmingDay1Images/ann/DSC02140.jpg.json |other stuff|
/Users/abbyblancett/wpilib/2020/2020team5607/filmingDay1Images/img/DSC02127.jpg /Users/abbyblancett/wpilib/2020/2020team5607/filmingDay1Images/ann/DSC02127.jpg.json |other stuff|
/Users/abbyblancett/wpilib/2020/2020team5607/filmingDay1Images/img/DSC02133.jpg /Users/abbyblancett/wpilib/2020/2020team5607/filmingDay1Images/ann/DSC02133.jpg.json |other stuff|
/Users/abbyblancett/wpilib/2020/2020team5607/filmingDay1Images/img/DSC02132.jpg /Users/abbyblancett/wpilib/2020/2020team5607/filmingDay1Images/ann/DSC02132.jpg.json |other stuff|
/Users/abbyblancett/wpilib/2020/2020team5607/filmingDay1Images/img/DSC02126.jpg /Users/abbyblancett/wpilib/2020/2020team5607/filmingDay1Images/ann/DSC02126.jpg.json |other stuff|
/Users/abbyblancett/wpilib/2020/2020team5607/filmingDay1Images/img/DSC02130.jpg /Users/abbyblancett/wpilib/2020/2020team5607/filmingDay1Images/ann/DSC02130.jpg.json |other stuff|
/Users/abbyblancett/wpilib/2020/2020team5607/filmingDay1Images/img/DSC02124.jpg /Users/abbyblancett/wpilib/2020/2020team5607/filmingDay1Images/ann/DSC02124.jpg.json |other stuff|
/Users/abbyblancett/wpilib/2020/2020team5607/filmingDay1Images/img/DSC02125.jpg /Users/abbyblancett/wpilib/2020/2020team5607/filmingDay1Images/ann/DSC02125.jpg.json |other stuff|
/Users/abbyblancett/wpilib/2020/2020team5607/filmingDay1Images/img/DSC02131.jpg /Users/abbyblancett/wpilib/2020/2020team5607/filmingDay1Images/ann/DSC02131.jpg.json |other stuff|
/Users/abbyblancett/wpilib/2020/2020team5607/filmingDay1Images/img/DSC02119.jpg /Users/abbyblancett/wpilib/2020/2020team5607/filmingDay1Images/ann/DSC02119.jpg.json |other stuff|
/Users/abbyblancett/wpilib/2020/2020team5607/filmingDay1Images/img/DSC02135.jpg /Users/abbyblancett/wpilib/2020/2020team5607/filmingDay1Images/ann/DSC02135.jpg.json |other stuff|
/Users/abbyblancett/wpilib/2020/2020team5607/filmingDay1Images/img/DSC02121.jpg /Users/abbyblancett/wpilib/2020/2020team5607/filmingDay1Images/ann/DSC02121.jpg.json |other stuff|
/Users/abbyblancett/wpilib/2020/2020team5607/filmingDay1Images/img/DSC02120.jpg /Users/abbyblancett/wpilib/2020/2020team5607/filmingDay1Images/ann/DSC02120.jpg.json |other stuff|
/Users/abbyblancett/wpilib/2020/2020team5607/filmingDay1Images/img/DSC02134.jpg /Users/abbyblancett/wpilib/2020/2020team5607/filmingDay1Images/ann/DSC02134.jpg.json |other stuff|
/Users/abbyblancett/wpilib/2020/2020team5607/filmingDay1Images/img/DSC02122.jpg /Users/abbyblancett/wpilib/2020/2020team5607/filmingDay1Images/ann/DSC02122.jpg.json |other stuff|
/Users/abbyblancett/wpilib/2020/2020team5607/filmingDay1Images/img/DSC02136.jpg /Users/abbyblancett/wpilib/2020/2020team5607/filmingDay1Images/ann/DSC02136.jpg.json |other stuff|
/Users/abbyblancett/wpilib/2020/2020team5607/filmingDay1Images/img/DSC02137.jpg /Users/abbyblancett/wpilib/2020/2020team5607/filmingDay1Images/ann/DSC02137.jpg.json |other stuff|
/Users/abbyblancett/wpilib/2020/2020team5607/filmingDay1Images/img/DSC02123.jpg /Users/abbyblancett/wpilib/2020/2020team5607/filmingDay1Images/ann/DSC02123.jpg.json |other stuff|
